<?xml version="1.0" encoding="UTF-8"?>
<project-private xmlns="http://www.netbeans.org/ns/project-private/1">
    <editor-bookmarks xmlns="http://www.netbeans.org/ns/editor-bookmarks/2" lastBookmarkId="0"/>
    <open-files xmlns="http://www.netbeans.org/ns/projectui-open-files/2">
        <group>
            <file>file:/C:/Users/Arthur/OneDrive/Documentos/NetBeansProjects/trabDb4o/src/trabdb4o/SelecionarBusca.java</file>
            <file>file:/C:/Users/Arthur/OneDrive/Documentos/NetBeansProjects/trabDb4o/src/trabdb4o/BancoDeDados.java</file>
            <file>file:/C:/Users/Arthur/OneDrive/Documentos/NetBeansProjects/trabDb4o/src/trabdb4o/Principal.java</file>
        </group>
    </open-files>
</project-private>
